,mean_fit_time,std_fit_time,mean_score_time,std_score_time,param_colsample_bytree,param_max_depth,param_subsample,params,split0_test_f1_macro,split1_test_f1_macro,split2_test_f1_macro,split3_test_f1_macro,split4_test_f1_macro,mean_test_f1_macro,std_test_f1_macro,rank_test_f1_macro,split0_train_f1_macro,split1_train_f1_macro,split2_train_f1_macro,split3_train_f1_macro,split4_train_f1_macro,mean_train_f1_macro,std_train_f1_macro,split0_test_accuracy,split1_test_accuracy,split2_test_accuracy,split3_test_accuracy,split4_test_accuracy,mean_test_accuracy,std_test_accuracy,rank_test_accuracy,split0_train_accuracy,split1_train_accuracy,split2_train_accuracy,split3_train_accuracy,split4_train_accuracy,mean_train_accuracy,std_train_accuracy
0,59.28696494102478,4.517018458887638,0.24949302673339843,0.02706884943545899,0.6,5,0.6,"{'colsample_bytree': 0.6, 'max_depth': 5, 'subsample': 0.6}",0.70485725625055,0.6909457349012472,0.6917573074027393,0.6753584279548863,0.7145543561302878,0.6954946165279422,0.013349596174306167,32,0.7853737417008799,0.7593083898550164,0.7857312454109141,0.7720817335809275,0.7876423211268148,0.7780274863349106,0.01087673635530288,0.8107709332349686,0.8064932669249216,0.803172846338314,0.8040951853901495,0.8077845415974912,0.806463354697169,0.0027106210931322865,21,0.8517339974174507,0.8396126354623011,0.8530781646299285,0.8434862808392898,0.8543693797555915,0.8484560916209123,0.005830624973530751
1,53.98862042427063,8.564730104830272,0.2125847816467285,0.04148004125525819,0.6,5,0.8,"{'colsample_bytree': 0.6, 'max_depth': 5, 'subsample': 0.8}",0.6916565824259769,0.6962075857522397,0.6796597932860541,0.6653124950079332,0.6968420183564625,0.6859356949657333,0.012015752177523155,62,0.7742593216039632,0.7885159960566885,0.7646328929023597,0.7633421491951484,0.743542031382339,0.7668584782280998,0.01472952853686102,0.8072666912578385,0.8077845415974912,0.8002213613724405,0.7996679579413393,0.8002213613724405,0.8030323827083098,0.0036779184035176035,59,0.8453237410071942,0.8539082314964261,0.841503343324879,0.8380908462070555,0.8295596034124971,0.8416771530896104,0.008032729293357606
2,62.13656158447266,4.423978756633236,0.23125944137573243,0.01965958842327538,0.6,5,0.9,"{'colsample_bytree': 0.6, 'max_depth': 5, 'subsample': 0.9}",0.6996965789216794,0.6951394960927352,0.6881973770815145,0.6673802964849695,0.6980335495517134,0.6896894596265224,0.011827038861420579,52,0.7798051933520986,0.7827075934300728,0.7850462451434693,0.7764326213900514,0.7647776808288925,0.777753866828917,0.007100045377928428,0.8094798967170785,0.8066777347352887,0.8015126360450101,0.801328168234643,0.8026194429072127,0.8043235757278466,0.0032220374733252692,53,0.8474912377790076,0.850772423334102,0.8519252939820152,0.8461148259165322,0.8414572284989624,0.8475522019021238,0.003707080456199672
3,60.22802052497864,4.953079858520386,0.25250949859619143,0.02778791637054635,0.6,5,,"{'colsample_bytree': 0.6, 'max_depth': 5, 'subsample': None}",0.6919295364288132,0.6979049570723143,0.6876964928997809,0.668861684144422,0.7042032248896875,0.6901191790870036,0.012000054819119194,51,0.7611404555670607,0.7841975965758802,0.7772159526192819,0.7840602531145812,0.782938741866671,0.7779105999486949,0.008767520165832083,0.8067133898930284,0.8087068806493267,0.8015126360450101,0.801143700424276,0.8050175244419848,0.8046188262907252,0.0029320048761566674,49,0.8381294964028777,0.8515102605487664,0.8481438782568596,0.8496195526861886,0.8502190454231036,0.8475244466635591,0.00482049437190761
4,56.98610553741455,8.093717661105586,0.2586045265197754,0.04584565491404749,0.6,6,0.6,"{'colsample_bytree': 0.6, 'max_depth': 6, 'subsample': 0.6}",0.6917772664383244,0.7076527981385934,0.6925475431267323,0.6793680540845499,0.7101885891588146,0.696306850189403,0.011340242887274365,25,0.7714267959751845,0.8323840557746617,0.790767129381207,0.8029508085606256,0.8027606999737213,0.80005789793308,0.01983286631415941,0.8068978236812984,0.8122117690463014,0.805201992252352,0.8040951853901495,0.8087068806493267,0.8074227302038857,0.0028588002306895377,12,0.8452315071020107,0.87885635231727,0.8568595803550841,0.8613788332949043,0.862393359465068,0.8609439265068675,0.010832423600187364
5,53.14853229522705,12.314553426608466,0.22248392105102538,0.05176459058043657,0.6,6,0.8,"{'colsample_bytree': 0.6, 'max_depth': 6, 'subsample': 0.8}",0.6963727067987254,0.6718638149119455,0.6895988866336572,0.6623364275015037,0.7034012638520422,0.6847146199395748,0.015328955592076476,63,0.8001675267112677,0.7409702671284321,0.8105547206655316,0.7823587638605317,0.8057163909747017,0.787953533868093,0.025354459818277615,0.8105864994466986,0.7987456188895038,0.8037262497694152,0.8024349750968456,0.8059398634938203,0.8042866413392566,0.0039208925524615214,55,0.8601733997417451,0.8305741295826609,0.8662208900161402,0.8498040119898548,0.8646529859349781,0.8542850834530757,0.013167524321632937
6,55.397766494750975,9.724577693210447,0.23018898963928222,0.03196678101880594,0.6,6,0.9,"{'colsample_bytree': 0.6, 'max_depth': 6, 'subsample': 0.9}",0.6971916505558071,0.6860883285815055,0.6915433686623828,0.6620777577140857,0.707599898020099,0.6889002007067759,0.015183960155344444,54,0.7784323678342785,0.7921474220925966,0.8192658471213955,0.7688719343667676,0.8098159560912458,0.7937067055012568,0.01878978599210337,0.8083732939874585,0.8053864600627191,0.8035417819590481,0.8005902969931747,0.8074156059767571,0.8050614877958315,0.002789859948421255,45,0.8485058107360266,0.8563062024440857,0.8717085543002075,0.8425178694950427,0.8662208900161402,0.8570518653983006,0.010804791922638883
7,59.239917802810666,12.324977271406851,0.2552802085876465,0.06160342224078841,0.6,6,,"{'colsample_bytree': 0.6, 'max_depth': 6, 'subsample': None}",0.6995812742393598,0.6984200300476233,0.6884100698881644,0.676671199334752,0.6965271164302498,0.6919219379880298,0.008567573142168237,46,0.8133902345071298,0.8232510236956094,0.8069002226303486,0.8168947778367125,0.7590692869306781,0.8039011091200956,0.023031218309410628,0.8124308373293987,0.8087068806493267,0.8009592326139089,0.8068622025456558,0.8016971038553773,0.8061312513987335,0.004318897573695486,29,0.867505995203837,0.8731842287295365,0.8640073783721467,0.8689416647452156,0.8389209130735531,0.8625120360248577,0.01215691228666168
8,92.53405442237855,9.635377112970668,0.38599390983581544,0.06627120296072743,0.6,7,0.6,"{'colsample_bytree': 0.6, 'max_depth': 7, 'subsample': 0.6}",0.7012048308442638,0.7082014097319745,0.6826919780896887,0.6744090261252355,0.7121567093287898,0.6957327908239905,0.014696397628039995,28,0.8174464579119652,0.872314847818114,0.7895173867845263,0.8174828167014401,0.832515963766226,0.8258554945964542,0.02707066701720688,0.8124308373293987,0.8149787862018077,0.8024349750968456,0.8039107175797823,0.8092602840804279,0.8086031200576524,0.004812422594054524,3,0.8722099243681978,0.9041272769195297,0.8588425178694951,0.8713857505187917,0.8815310122204288,0.8776192963792886,0.015090794305792925
9,120.37784466743469,26.785439537251243,0.5773405075073242,0.17399312691535698,0.6,7,0.8,"{'colsample_bytree': 0.6, 'max_depth': 7, 'subsample': 0.8}",0.7140647831575315,0.7004169779769265,0.6968578501419116,0.6750644194615381,0.7074354926245576,0.698767904672493,0.013246467714164102,8,0.8481053189326969,0.8541912221712947,0.8812976395138878,0.8396608681316666,0.8147811402042833,0.847607237790766,0.021537583787085625,0.816303946883069,0.8122117690463014,0.8063087991145546,0.8048330566316177,0.8081534772182254,0.8095622097787537,0.004181035311069075,2,0.8904722375945398,0.8925985704403966,0.9106755821996771,0.8841595572976712,0.8712935208669588,0.8898398936798486,0.012793515844523252
10,98.69736018180848,29.257550355798568,0.44984660148620603,0.14673497406565225,0.6,7,0.9,"{'colsample_bytree': 0.6, 'max_depth': 7, 'subsample': 0.9}",0.691341959264443,0.6891240100779955,0.6876248744969659,0.686168751100743,0.7113723692216698,0.6931263928323634,0.009282180861523975,44,0.7816626164907413,0.8303699161039592,0.8171311368900499,0.8789204752506911,0.8383656150338301,0.8292899519538544,0.03150530968803925,0.8072666912578385,0.8096292197011622,0.8035417819590481,0.8088913484596938,0.8081534772182254,0.8074965037191937,0.0021268907567544505,11,0.8522874008485519,0.8789485819691031,0.8724002766889555,0.9080931519483514,0.884666820382753,0.879279246367543,0.01808455913697377
11,105.86911153793335,7.480819682780901,0.43316011428833007,0.046005288342815726,0.6,7,,"{'colsample_bytree': 0.6, 'max_depth': 7, 'subsample': None}",0.7033289544357285,0.6999082308752693,0.6918658105745308,0.6677976958663607,0.708316725243737,0.6942434833991252,0.014266914804759348,37,0.8350771652367925,0.8401086310287906,0.8390222770396913,0.8085747855333729,0.8246665991596458,0.8294898915996587,0.011794468514208074,0.8127997049059388,0.811289429994466,0.8057553956834532,0.8026194429072127,0.8096292197011622,0.8084186386384464,0.0037316008716325173,4,0.8821250691754289,0.884482361079087,0.8844362462531704,0.8662208900161402,0.875997233110445,0.8786523599268543,0.006943962939822208
12,99.34926862716675,19.33130829338685,0.46304712295532224,0.09763309087789387,0.6,,0.6,"{'colsample_bytree': 0.6, 'max_depth': None, 'subsample': 0.6}",0.6917772664383244,0.7076527981385934,0.6925475431267323,0.6793680540845499,0.7101885891588146,0.696306850189403,0.011340242887274365,25,0.7714267959751845,0.8323840557746617,0.790767129381207,0.8029508085606256,0.8027606999737213,0.80005789793308,0.01983286631415941,0.8068978236812984,0.8122117690463014,0.805201992252352,0.8040951853901495,0.8087068806493267,0.8074227302038857,0.0028588002306895377,12,0.8452315071020107,0.87885635231727,0.8568595803550841,0.8613788332949043,0.862393359465068,0.8609439265068675,0.010832423600187364
13,86.40983161926269,19.814194741730713,0.3694021224975586,0.09940389590671748,0.6,,0.8,"{'colsample_bytree': 0.6, 'max_depth': None, 'subsample': 0.8}",0.6963727067987254,0.6718638149119455,0.6895988866336572,0.6623364275015037,0.7034012638520422,0.6847146199395748,0.015328955592076476,63,0.8001675267112677,0.7409702671284321,0.8105547206655316,0.7823587638605317,0.8057163909747017,0.787953533868093,0.025354459818277615,0.8105864994466986,0.7987456188895038,0.8037262497694152,0.8024349750968456,0.8059398634938203,0.8042866413392566,0.0039208925524615214,55,0.8601733997417451,0.8305741295826609,0.8662208900161402,0.8498040119898548,0.8646529859349781,0.8542850834530757,0.013167524321632937
14,62.671102952957156,14.503954782007362,0.24887852668762206,0.057544729851352616,0.6,,0.9,"{'colsample_bytree': 0.6, 'max_depth': None, 'subsample': 0.9}",0.6971916505558071,0.6860883285815055,0.6915433686623828,0.6620777577140857,0.707599898020099,0.6889002007067759,0.015183960155344444,54,0.7784323678342785,0.7921474220925966,0.8192658471213955,0.7688719343667676,0.8098159560912458,0.7937067055012568,0.01878978599210337,0.8083732939874585,0.8053864600627191,0.8035417819590481,0.8005902969931747,0.8074156059767571,0.8050614877958315,0.002789859948421255,45,0.8485058107360266,0.8563062024440857,0.8717085543002075,0.8425178694950427,0.8662208900161402,0.8570518653983006,0.010804791922638883
15,54.75324382781982,11.729112948139443,0.24003300666809083,0.05260861204554627,0.6,,,"{'colsample_bytree': 0.6, 'max_depth': None, 'subsample': None}",0.6995812742393598,0.6984200300476233,0.6884100698881644,0.676671199334752,0.6965271164302498,0.6919219379880298,0.008567573142168237,46,0.8133902345071298,0.8232510236956094,0.8069002226303486,0.8168947778367125,0.7590692869306781,0.8039011091200956,0.023031218309410628,0.8124308373293987,0.8087068806493267,0.8009592326139089,0.8068622025456558,0.8016971038553773,0.8061312513987335,0.004318897573695486,29,0.867505995203837,0.8731842287295365,0.8640073783721467,0.8689416647452156,0.8389209130735531,0.8625120360248577,0.01215691228666168
16,60.06977791786194,10.780484888638853,0.23921818733215333,0.04963025739962707,0.8,5,0.6,"{'colsample_bytree': 0.8, 'max_depth': 5, 'subsample': 0.6}",0.7019961825628218,0.7048836020164937,0.6954230436803989,0.6830981089104655,0.7048683342001876,0.6980538542740735,0.008236747258300972,14,0.7936239309402678,0.7929209362422824,0.7972623674981405,0.7912242912722481,0.739990641051488,0.7830044334008854,0.021596999036979807,0.8116931021763187,0.8088913484596938,0.8044641210108836,0.8053864600627191,0.8007747648035418,0.8062419593026314,0.0037554500440528486,24,0.8568529791551375,0.8560756283145031,0.858750288217662,0.8546460687110906,0.8281300438090846,0.8508910016414954,0.011457361347569424
17,72.48002495765687,6.597947603378363,0.3397305965423584,0.1215515007525713,0.8,5,0.8,"{'colsample_bytree': 0.8, 'max_depth': 5, 'subsample': 0.8}",0.7052394152034674,0.7018506794133438,0.6954307922250353,0.6754349482100788,0.702462653999742,0.6960836978103334,0.0108127097955704,27,0.7912535988283349,0.7871709502354027,0.792167449168059,0.8020692930864162,0.7410377712794507,0.7827398125195326,0.021418164879935985,0.8107709332349686,0.8092602840804279,0.8044641210108836,0.8026194429072127,0.7980077476480354,0.8050245057763057,0.004610780834080115,47,0.8542704298099981,0.8528014756744293,0.8554300207516716,0.8588425178694951,0.8284989624164169,0.8499686813044022,0.010918331348879729
18,119.15419092178345,27.624672495653112,0.3818041324615479,0.07653019617590744,0.8,5,0.9,"{'colsample_bytree': 0.8, 'max_depth': 5, 'subsample': 0.9}",0.7048274492284777,0.7005946857736802,0.6847969450335272,0.6656373632467797,0.6991905531417898,0.691009399284851,0.014367200842825162,49,0.7915130556909238,0.797089646015477,0.7727588356919314,0.7537461894516377,0.7446420678464887,0.7719499589392916,0.020457130990924565,0.8104020656584286,0.8090758162700609,0.8016971038553773,0.7985611510791367,0.7976388120273012,0.8034749897780609,0.005305116351173548,58,0.8541781959048146,0.8583352547844132,0.845146414572285,0.8320959188379063,0.8296057182384137,0.8438723004675666,0.011482425073782145
19,122.21072053909302,39.71863827089998,0.39829411506652834,0.07728114289736075,0.8,5,,"{'colsample_bytree': 0.8, 'max_depth': 5, 'subsample': None}",0.6889756179312025,0.6983230037760333,0.6764858628993071,0.6748970748749159,0.6992230165606318,0.6875809152084182,0.010362009242635651,59,0.7639411867137016,0.7911845813139015,0.7573192787126231,0.7821116204590931,0.7482839688320111,0.7685681272062661,0.015838702330675167,0.8054223533751383,0.8066777347352887,0.7972698764065671,0.8026194429072127,0.7985611510791367,0.8021101117006687,0.003690976634168676,62,0.8390979524073049,0.8553839059257551,0.8362923679963108,0.8472215817385289,0.8314964261009915,0.8418984468337781,0.008457733696747486
20,122.02068848609925,33.49429340114394,0.4967500686645508,0.12140211848867896,0.8,6,0.6,"{'colsample_bytree': 0.8, 'max_depth': 6, 'subsample': 0.6}",0.6843800802209455,0.6980382493742022,0.698332980679466,0.6877968983822196,0.7131030170174194,0.6963302451348505,0.010038710604835322,23,0.7457827654649697,0.7936506972057926,0.8402989417495355,0.8318365956288845,0.8281349896212992,0.8079407979340963,0.03491043390108019,0.8033935817041682,0.8059398634938203,0.8061243313041874,0.8074156059767571,0.8081534772182254,0.8062053719394318,0.0016274524416240116,25,0.8315347721822542,0.8578279916993313,0.883882868342172,0.8772884482361079,0.8765967258473599,0.8654261612614451,0.01903945291290079
21,144.00909180641173,24.956984837324754,0.5491963863372803,0.15614562763114986,0.8,6,0.8,"{'colsample_bytree': 0.8, 'max_depth': 6, 'subsample': 0.8}",0.6988990091601293,0.7067904038216091,0.6995717001961987,0.6592680877530508,0.7100638242201067,0.694918605030219,0.018323599889998328,34,0.812531357404758,0.8452735258824163,0.8447152190547483,0.7658568576766865,0.799582808924694,0.8135919537886606,0.02982750427536187,0.8102176318701586,0.8099981553218963,0.805201992252352,0.7978232798376683,0.8066777347352887,0.8059837588034728,0.004510592844353543,32,0.8671831765356945,0.8857274613788333,0.8866036430712474,0.8403965875028822,0.8603181922988241,0.8680458121574963,0.01721611849580068
22,171.7868821144104,34.24947382581426,0.5616799354553222,0.12524014649091905,0.8,6,0.9,"{'colsample_bytree': 0.8, 'max_depth': 6, 'subsample': 0.9}",0.7041601376292215,0.6993265103436073,0.6973263374048847,0.6596644417897164,0.7101865885215983,0.6941328031378057,0.01779613807447374,39,0.8271239963196901,0.8036012986133111,0.810139592539273,0.7627630077693675,0.8183370366434576,0.8043929863770198,0.022261359893858985,0.8104020656584286,0.8068622025456558,0.8040951853901495,0.7974543442169342,0.8079690094078583,0.8053565614438053,0.004440384193324794,41,0.8754381110496219,0.8621627853354854,0.865944201060641,0.838736453769887,0.870186765044962,0.8624936632521194,0.012674093559097063
23,171.84373006820678,54.17145742054571,0.5393845081329346,0.21022572031666056,0.8,6,,"{'colsample_bytree': 0.8, 'max_depth': 6, 'subsample': None}",0.6924806827465466,0.6969640282065885,0.6668861817229137,0.6812482257023491,0.7029217830564009,0.6881001802869597,0.012762597910306296,56,0.8047653967432165,0.8306259998300658,0.747481451900885,0.8370034942551519,0.7864924575570256,0.8012737600572688,0.032442129192372215,0.8087421615639985,0.8074156059767571,0.795056262682162,0.8063087991145546,0.8046485888212507,0.8044342836317446,0.0048775630625226,51,0.8621103117505995,0.8775651371916071,0.831542540926908,0.8797325340096841,0.8525247867189302,0.8606950621195457,0.017695482996697695
24,112.5576635837555,61.49442846524762,0.45789713859558107,0.2127065612161417,0.8,7,0.6,"{'colsample_bytree': 0.8, 'max_depth': 7, 'subsample': 0.6}",0.7114232015954968,0.7087426337211012,0.6924485380420422,0.6899095791808649,0.71068409980983,0.7026416104698671,0.00943423349781284,1,0.8694602764647448,0.8708495343366695,0.821794757262076,0.8683976735491641,0.8081426766772715,0.8477289836579851,0.0271059531899619,0.8150129103651789,0.8122117690463014,0.8040951853901495,0.8092602840804279,0.8072311381663899,0.8095622574096895,0.0037985184174525624,1,0.9028776978417267,0.9027899469679502,0.8749827069402814,0.9023749135347015,0.8677887940973023,0.8901628118763923,0.015500197096135038
25,73.33018445968628,9.006661591088966,0.3132319450378418,0.05770436816558022,0.8,7,0.8,"{'colsample_bytree': 0.8, 'max_depth': 7, 'subsample': 0.8}",0.7069434776999878,0.6902673700471098,0.6992192297412024,0.6794001753490164,0.7104677100340927,0.6972595925742818,0.011313020244670341,18,0.8409759717176152,0.822256390587537,0.8599375357529282,0.8283360707868984,0.8256356532430313,0.8354283244176021,0.013792564242838477,0.8127997049059388,0.8053864600627191,0.8066777347352887,0.8050175244419848,0.8079690094078583,0.807570086710758,0.0028138279019066467,10,0.8844309168050175,0.874521558681116,0.8970717085543002,0.8767811851510261,0.8770578741065252,0.881972648659597,0.008254086698289373
26,78.68006081581116,24.547952492378638,0.32926435470581056,0.10191971038803316,0.8,7,0.9,"{'colsample_bytree': 0.8, 'max_depth': 7, 'subsample': 0.9}",0.6936591344050876,0.7026486641753676,0.687240888735238,0.6818446512370365,0.7128670064424809,0.6956520689990422,0.011051433773257006,29,0.7829513835948905,0.8457150417818045,0.8127228915780284,0.8513535208475884,0.8436246379767243,0.8272734951558072,0.025936336628451292,0.8061600885282184,0.8096292197011622,0.8037262497694152,0.8063087991145546,0.8087068806493267,0.8069062475525353,0.0020824476318852454,18,0.8522874008485519,0.8876642840673277,0.8691261240488817,0.8899239105372377,0.8871109061563293,0.8772225251316655,0.014528921045197526
27,92.46770114898682,11.80408088423583,0.36639037132263186,0.04965958073921432,0.8,7,,"{'colsample_bytree': 0.8, 'max_depth': 7, 'subsample': None}",0.7035845890038293,0.6978375442405996,0.6894370127642969,0.6778425170530231,0.7054189460593541,0.6948241218242206,0.010153547607280681,36,0.8352867172183454,0.8386238546200075,0.8336040692057516,0.849471504375425,0.8070293052013683,0.8328030901241796,0.014020094815987063,0.8120619697528587,0.8085224128389596,0.8035417819590481,0.8042796532005165,0.8063087991145546,0.8069429233731874,0.0030907056578299316,17,0.8819406013650618,0.8830528014756744,0.8809776343094304,0.887525939589578,0.8657136269310584,0.8798421207341607,0.007411570578615366
28,95.04631280899048,27.07259822431231,0.4043915271759033,0.12534236595629936,0.8,,0.6,"{'colsample_bytree': 0.8, 'max_depth': None, 'subsample': 0.6}",0.6843800802209455,0.6980382493742022,0.698332980679466,0.6877968983822196,0.7131030170174194,0.6963302451348505,0.010038710604835322,23,0.7457827654649697,0.7936506972057926,0.8402989417495355,0.8318365956288845,0.8281349896212992,0.8079407979340963,0.03491043390108019,0.8033935817041682,0.8059398634938203,0.8061243313041874,0.8074156059767571,0.8081534772182254,0.8062053719394318,0.0016274524416240116,25,0.8315347721822542,0.8578279916993313,0.883882868342172,0.8772884482361079,0.8765967258473599,0.8654261612614451,0.01903945291290079
29,113.79325609207153,42.79309372759041,0.3853943347930908,0.10320902863450705,0.8,,0.8,"{'colsample_bytree': 0.8, 'max_depth': None, 'subsample': 0.8}",0.6988990091601293,0.7067904038216091,0.6995717001961987,0.6592680877530508,0.7100638242201067,0.694918605030219,0.018323599889998328,34,0.812531357404758,0.8452735258824163,0.8447152190547483,0.7658568576766865,0.799582808924694,0.8135919537886606,0.02982750427536187,0.8102176318701586,0.8099981553218963,0.805201992252352,0.7978232798376683,0.8066777347352887,0.8059837588034728,0.004510592844353543,32,0.8671831765356945,0.8857274613788333,0.8866036430712474,0.8403965875028822,0.8603181922988241,0.8680458121574963,0.01721611849580068
30,86.07029843330383,23.231857318738253,0.31887197494506836,0.09381057982723612,0.8,,0.9,"{'colsample_bytree': 0.8, 'max_depth': None, 'subsample': 0.9}",0.7041601376292215,0.6993265103436073,0.6973263374048847,0.6596644417897164,0.7101865885215983,0.6941328031378057,0.01779613807447374,39,0.8271239963196901,0.8036012986133111,0.810139592539273,0.7627630077693675,0.8183370366434576,0.8043929863770198,0.022261359893858985,0.8104020656584286,0.8068622025456558,0.8040951853901495,0.7974543442169342,0.8079690094078583,0.8053565614438053,0.004440384193324794,41,0.8754381110496219,0.8621627853354854,0.865944201060641,0.838736453769887,0.870186765044962,0.8624936632521194,0.012674093559097063
31,70.33188529014588,23.028318333054894,0.27645077705383303,0.09556038436267007,0.8,,,"{'colsample_bytree': 0.8, 'max_depth': None, 'subsample': None}",0.6924806827465466,0.6969640282065885,0.6668861817229137,0.6812482257023491,0.7029217830564009,0.6881001802869597,0.012762597910306296,56,0.8047653967432165,0.8306259998300658,0.747481451900885,0.8370034942551519,0.7864924575570256,0.8012737600572688,0.032442129192372215,0.8087421615639985,0.8074156059767571,0.795056262682162,0.8063087991145546,0.8046485888212507,0.8044342836317446,0.0048775630625226,51,0.8621103117505995,0.8775651371916071,0.831542540926908,0.8797325340096841,0.8525247867189302,0.8606950621195457,0.017695482996697695
32,73.58302755355835,13.450476860312973,0.2838284015655518,0.06970846631733715,0.9,5,0.6,"{'colsample_bytree': 0.9, 'max_depth': 5, 'subsample': 0.6}",0.7083848109083613,0.6987750967363363,0.7001750045580961,0.6798661498013671,0.7030902351771545,0.6980582594362631,0.009673735201631992,13,0.7943097636187122,0.7764828971348506,0.7988258051901409,0.7995487478155243,0.740292025654311,0.7818918478827078,0.022416652801794175,0.8118775359645887,0.8064932669249216,0.8070466703560228,0.8050175244419848,0.7985611510791367,0.8057992297533308,0.004289159547935239,36,0.8568990961077292,0.847313811390362,0.8589808623472447,0.8589808623472447,0.8278533548535855,0.8500055974092332,0.011887797507838057
33,68.02440838813781,10.636292427456217,0.23298349380493164,0.038568942138909997,0.9,5,0.8,"{'colsample_bytree': 0.9, 'max_depth': 5, 'subsample': 0.8}",0.703180422862624,0.6839564588091578,0.6842230328255918,0.6759106608138782,0.7080387489654043,0.6910618648553312,0.012344143913457131,48,0.7886283220629794,0.7400959240902982,0.7731112394894283,0.7804352961239738,0.7704618742060843,0.770546531194553,0.01648370832852875,0.8102176318701586,0.801328168234643,0.8015126360450101,0.8033573141486811,0.8039107175797823,0.8040652935756549,0.0032367981308293508,57,0.8526563364692861,0.8276227807240027,0.8448236107908693,0.8468526631311967,0.8433018215356237,0.8430514425301958,0.008342063782530367
34,83.08993949890137,4.658394897044888,0.2860745906829834,0.019711057680941363,0.9,5,0.9,"{'colsample_bytree': 0.9, 'max_depth': 5, 'subsample': 0.9}",0.7040481491815976,0.6968660083269171,0.7005752361703415,0.6741957292255106,0.7094458330054907,0.6970261911819715,0.012144190126928637,20,0.7927163280177609,0.7795031178348,0.7977952396727892,0.7821052620717436,0.7989318629658061,0.7902103621125799,0.008002656265892439,0.8109553670232387,0.8076000737871242,0.8053864600627191,0.8028039107175797,0.8061243313041874,0.8065740285789698,0.0026860837902386464,20,0.8551466519092419,0.8491584044270233,0.8588425178694951,0.8476366151717777,0.8591653216509108,0.8539899022056897,0.004803718185151631
35,69.37492084503174,4.910300553081356,0.2389065742492676,0.015255083152936845,0.9,5,,"{'colsample_bytree': 0.9, 'max_depth': 5, 'subsample': None}",0.6957868929487128,0.6915812836399535,0.6832660291385669,0.6746370032647739,0.6992507358967307,0.6889043889777475,0.008909892449066929,53,0.7700356753676094,0.7765491869547689,0.7705604882352818,0.7644882843528522,0.7640049053049436,0.7691277080430913,0.0045983251961888745,0.8085577277757285,0.8026194429072127,0.7991145545102379,0.8004058291828076,0.7996679579413393,0.8020731024634651,0.0034544574010160574,63,0.8415421508946689,0.8475443855199447,0.8441318884021213,0.8373068941664745,0.8390131427253862,0.841907692341719,0.003644138855225528
36,80.23899741172791,13.906106053462015,0.33015289306640627,0.0640312301520906,0.9,6,0.6,"{'colsample_bytree': 0.9, 'max_depth': 6, 'subsample': 0.6}",0.7055068569177574,0.70531221053283,0.701785180591753,0.6756711876800297,0.7083685792523446,0.6993288029949429,0.012011691172420812,5,0.8372622868628844,0.8230975523591828,0.8420952167439424,0.786315652182558,0.7970769682485599,0.8171695352794254,0.021981005442008525,0.8102176318701586,0.8111049621840989,0.8077845415974912,0.803172846338314,0.8055709278730862,0.8075701819726298,0.00292858975575123,8,0.8812488470761852,0.8744293290292829,0.8854507724233341,0.8520175236338483,0.8597648143878257,0.8705822573100953,0.012738251430787348
37,74.72125406265259,19.715025917459716,0.2937907695770264,0.08332148602573447,0.9,6,0.8,"{'colsample_bytree': 0.9, 'max_depth': 6, 'subsample': 0.8}",0.7043443115177548,0.6836465951756447,0.6890442673753221,0.684321515055873,0.7081016264755154,0.693891663120022,0.010307543972755758,42,0.8289916245732847,0.756081112935232,0.8035056909431758,0.8489431931944765,0.7974368127997573,0.8069916868891853,0.03143011443284455,0.8107709332349686,0.801328168234643,0.8022505072864785,0.8063087991145546,0.8057553956834532,0.8052827607108195,0.00335349187445505,43,0.8759453975281314,0.83656905695181,0.8625778187687342,0.8868803320267467,0.8581046806548305,0.8640154571860504,0.01706127162485486
38,88.86027765274048,10.820376150378303,0.3408190250396729,0.06452399755825676,0.9,6,0.9,"{'colsample_bytree': 0.9, 'max_depth': 6, 'subsample': 0.9}",0.7079627933103203,0.7055669052102043,0.6975510256505567,0.6868117704992547,0.7071293707294817,0.7010043730799635,0.008001343440078728,2,0.8217767649090479,0.8450725980513951,0.8213329328007746,0.8458359165876407,0.7967479107320993,0.8261532246161915,0.018179175733787557,0.8122464035411288,0.8087068806493267,0.8046485888212507,0.8074156059767571,0.8061243313041874,0.8078283620585301,0.002587505814163236,5,0.8724405091311566,0.8853124279455845,0.8721235877334563,0.8853124279455845,0.8582430251325801,0.8746863955776725,0.010077911979565861
39,81.5930332183838,11.330078389149316,0.3034360408782959,0.0485817783689947,0.9,6,,"{'colsample_bytree': 0.9, 'max_depth': 6, 'subsample': None}",0.7069690140290769,0.6990523501565249,0.6976756643562626,0.6807602851055663,0.6999575057304881,0.6968829638755837,0.008677057069369921,21,0.8110306492696879,0.8238523734885976,0.8120403199066994,0.824872809744199,0.7826453966888559,0.8108883098196079,0.015248886613950017,0.8109553670232387,0.8081534772182254,0.8039107175797823,0.8068622025456558,0.801143700424276,0.8062050929582355,0.0033963200875998566,27,0.8665375391994097,0.8736453769887018,0.8670970717085543,0.8729536545999539,0.8498501268157713,0.8660167538624781,0.008592026730947387
40,78.55051779747009,13.621712542669716,0.33719897270202637,0.05272785219600243,0.9,7,0.6,"{'colsample_bytree': 0.9, 'max_depth': 7, 'subsample': 0.6}",0.7018300737264535,0.6995987086917153,0.7002985471870935,0.6845353572283859,0.7089563790415099,0.6990438131750316,0.007979972059461111,7,0.8211166481525337,0.8189285098580209,0.8561701714007762,0.8657994793648035,0.8121767716989562,0.8348383160950181,0.021765079286974322,0.8107709332349686,0.8088913484596938,0.8055709278730862,0.8063087991145546,0.8074156059767571,0.8077915229318121,0.0018631869383684628,7,0.8736856668511345,0.8741526400737837,0.8950426562139728,0.9004380908462071,0.8698639612635463,0.882636603049729,0.012538264534526812
41,76.02591433525086,9.151653138967687,0.32323532104492186,0.0645840552232365,0.9,7,0.8,"{'colsample_bytree': 0.9, 'max_depth': 7, 'subsample': 0.8}",0.7033378094441797,0.6942269932672697,0.6915573354522035,0.6823759331536011,0.7144973569630199,0.6971990856560547,0.010929800076830223,19,0.8374966703962081,0.8121050708178367,0.8274766020033363,0.8538126387387018,0.8445950873884479,0.8350972138689062,0.014373214590780297,0.8109553670232387,0.8055709278730862,0.8035417819590481,0.8042796532005165,0.809444751890795,0.8067584963893368,0.0029234201202837807,19,0.8827245895591219,0.8689877795711322,0.8777495964952732,0.891076781185151,0.8881715471524095,0.8817420587926176,0.007849230829537679
42,77.71889715194702,26.932813113673742,0.2970080852508545,0.10854506577167873,0.9,7,0.9,"{'colsample_bytree': 0.9, 'max_depth': 7, 'subsample': 0.9}",0.7032536708599257,0.7066586528580684,0.6944070965395406,0.6692903142313613,0.6964532579976319,0.6940125984973056,0.013134868831736127,41,0.8466411227466272,0.8744159699009555,0.866519646747261,0.8032175180962504,0.7738814866525725,0.8329351488287333,0.03848870829495744,0.8109553670232387,0.8116583656152001,0.8044641210108836,0.8000368935620734,0.8000368935620734,0.805430328154694,0.005068063432178009,40,0.8881202730123593,0.9042195065713627,0.9008070094535393,0.8620244408577358,0.8478210744754439,0.8805984608740882,0.022100987181834685
43,71.7848789691925,9.64151759163778,0.2860112190246582,0.053955383435485976,0.9,7,,"{'colsample_bytree': 0.9, 'max_depth': 7, 'subsample': None}",0.6946965738905698,0.6980506402084792,0.6914150233842207,0.6776760710483253,0.700879004799369,0.6925434626661928,0.00808404433205179,45,0.8137809045964519,0.8476465868848224,0.8279516089678609,0.8283791527138558,0.8163234818246127,0.8268163469975207,0.011980426147172343,0.8089265953522685,0.8081534772182254,0.8044641210108836,0.8028039107175797,0.8037262497694152,0.8056148708136744,0.002457830470802739,39,0.8685666851134477,0.8882637768042425,0.8783029744062716,0.8764583813696103,0.8712474060410422,0.8765678447469227,0.006813855110853869
44,80.2704435825348,13.477761406704756,0.3368383407592773,0.06767114562160209,0.9,,0.6,"{'colsample_bytree': 0.9, 'max_depth': None, 'subsample': 0.6}",0.7055068569177574,0.70531221053283,0.701785180591753,0.6756711876800297,0.7083685792523446,0.6993288029949429,0.012011691172420812,5,0.8372622868628844,0.8230975523591828,0.8420952167439424,0.786315652182558,0.7970769682485599,0.8171695352794254,0.021981005442008525,0.8102176318701586,0.8111049621840989,0.8077845415974912,0.803172846338314,0.8055709278730862,0.8075701819726298,0.00292858975575123,8,0.8812488470761852,0.8744293290292829,0.8854507724233341,0.8520175236338483,0.8597648143878257,0.8705822573100953,0.012738251430787348
45,74.50933384895325,19.552686748452746,0.2873864650726318,0.08201698040606875,0.9,,0.8,"{'colsample_bytree': 0.9, 'max_depth': None, 'subsample': 0.8}",0.7043443115177548,0.6836465951756447,0.6890442673753221,0.684321515055873,0.7081016264755154,0.693891663120022,0.010307543972755758,42,0.8289916245732847,0.756081112935232,0.8035056909431758,0.8489431931944765,0.7974368127997573,0.8069916868891853,0.03143011443284455,0.8107709332349686,0.801328168234643,0.8022505072864785,0.8063087991145546,0.8057553956834532,0.8052827607108195,0.00335349187445505,43,0.8759453975281314,0.83656905695181,0.8625778187687342,0.8868803320267467,0.8581046806548305,0.8640154571860504,0.01706127162485486
46,89.38064393997192,11.314038475834913,0.33481717109680176,0.05131073243816103,0.9,,0.9,"{'colsample_bytree': 0.9, 'max_depth': None, 'subsample': 0.9}",0.7079627933103203,0.7055669052102043,0.6975510256505567,0.6868117704992547,0.7071293707294817,0.7010043730799635,0.008001343440078728,2,0.8217767649090479,0.8450725980513951,0.8213329328007746,0.8458359165876407,0.7967479107320993,0.8261532246161915,0.018179175733787557,0.8122464035411288,0.8087068806493267,0.8046485888212507,0.8074156059767571,0.8061243313041874,0.8078283620585301,0.002587505814163236,5,0.8724405091311566,0.8853124279455845,0.8721235877334563,0.8853124279455845,0.8582430251325801,0.8746863955776725,0.010077911979565861
47,81.9812289237976,11.32968501189116,0.29462265968322754,0.046022076702389114,0.9,,,"{'colsample_bytree': 0.9, 'max_depth': None, 'subsample': None}",0.7069690140290769,0.6990523501565249,0.6976756643562626,0.6807602851055663,0.6999575057304881,0.6968829638755837,0.008677057069369921,21,0.8110306492696879,0.8238523734885976,0.8120403199066994,0.824872809744199,0.7826453966888559,0.8108883098196079,0.015248886613950017,0.8109553670232387,0.8081534772182254,0.8039107175797823,0.8068622025456558,0.801143700424276,0.8062050929582355,0.0033963200875998566,27,0.8665375391994097,0.8736453769887018,0.8670970717085543,0.8729536545999539,0.8498501268157713,0.8660167538624781,0.008592026730947387
48,84.72394280433655,2.93299490435884,0.2943894386291504,0.027649089577338505,,5,0.6,"{'colsample_bytree': None, 'max_depth': 5, 'subsample': 0.6}",0.7064536721870867,0.6990653226614341,0.6946880967021063,0.6784973030907261,0.7119475641642207,0.6981303917611147,0.011474954571304484,12,0.7894871719822741,0.778020330023177,0.7953153691610043,0.793012636480661,0.7909191687286505,0.7893509352751534,0.005997383750907575,0.8102176318701586,0.8066777347352887,0.8040951853901495,0.8035417819590481,0.8059398634938203,0.8060944394896931,0.0023612674525205248,31,0.853901494189264,0.8482822227346092,0.857366843440166,0.8543693797555915,0.8547844131888402,0.8537408706616942,0.002981755200775911
49,78.87965359687806,12.096861327649332,0.25735721588134763,0.049840493825637606,,5,0.8,"{'colsample_bytree': None, 'max_depth': 5, 'subsample': 0.8}",0.710095572397396,0.6898727152375522,0.6796806129963027,0.6830239910391984,0.7083000248099485,0.6941945832960796,0.01269583351693757,38,0.7950516264923423,0.7633229903421003,0.755047276818407,0.802873942177711,0.7744353929840174,0.7781462457629156,0.018244520073194128,0.8120619697528587,0.8035417819590481,0.7996679579413393,0.8055709278730862,0.8039107175797823,0.804950671021223,0.004047933231838241,48,0.856345692676628,0.8404888171547152,0.8362001383444777,0.8591192068249942,0.8448697256167857,0.8474047161235202,0.008910317084601512
50,85.91500215530395,9.08913264835236,0.2575977802276611,0.035664735424891195,,5,0.9,"{'colsample_bytree': None, 'max_depth': 5, 'subsample': 0.9}",0.6985760792728116,0.7005849897816089,0.6953507025619408,0.6762956640325536,0.7043779149402674,0.6950370701178364,0.009817270982863592,33,0.7737993121488829,0.8000893507880137,0.7970762482761022,0.7663395045863578,0.7865305049105447,0.7847669841419803,0.013032764406535353,0.8072666912578385,0.8068622025456558,0.8037262497694152,0.8009592326139089,0.8026194429072127,0.8042867638188061,0.002436368244704443,54,0.8431562442353809,0.8606871109061563,0.8581046806548305,0.8381830758588886,0.8513258012451003,0.8502913825800714,0.008575664488090367
51,74.5888943195343,8.91825398422922,0.2213589668273926,0.029337863025882312,,5,,"{'colsample_bytree': None, 'max_depth': 5, 'subsample': None}",0.7031883649521297,0.6938742640982115,0.6688101864880858,0.6754371214604611,0.6976073684467394,0.6877834610891254,0.013291616541321537,58,0.7763991786381497,0.7743139372792243,0.7504111778044553,0.7757154888945192,0.7574200259481596,0.7668519617129016,0.01081344840708883,0.8081888601991885,0.8002213613724405,0.7952407304925291,0.8020660394761114,0.7980077476480354,0.8007449478376609,0.004363941580965184,64,0.8450009223390519,0.8457920221351164,0.8328337560525709,0.8438551994466221,0.8347705787410653,0.8404504957428853,0.005497389823794834
52,75.39872541427613,14.896880031946582,0.28233489990234373,0.06626071052912177,,6,0.6,"{'colsample_bytree': None, 'max_depth': 6, 'subsample': 0.6}",0.6995376485889067,0.7038583700052696,0.6905682666834667,0.6872678970047877,0.708379265126747,0.6979222894818355,0.007934639336953675,16,0.7943213747230262,0.8132857840784383,0.7779885078219659,0.8489402422380455,0.779872827507618,0.8028817472738188,0.026275435972119246,0.8092954629288086,0.8090758162700609,0.8035417819590481,0.8079690094078583,0.8048330566316177,0.8069430254394788,0.002330486110446049,15,0.8575908503966058,0.8682960571823841,0.8495273230343555,0.8878948581969103,0.8488356006456076,0.8624289378911726,0.014543546746140577
53,77.88722863197327,14.763548881139544,0.2521946907043457,0.041912744326686555,,6,0.8,"{'colsample_bytree': None, 'max_depth': 6, 'subsample': 0.8}",0.6968243911014316,0.7100344935794598,0.6931743389220192,0.6687818385838271,0.70944208729325,0.6956514298959975,0.015010273197625733,30,0.7981534140993246,0.8431179838202276,0.817487718583845,0.782650788418332,0.8234991436184882,0.8129818097080435,0.020875625434014174,0.8076355588343784,0.8107360265633647,0.8039107175797823,0.7989300866998709,0.8070466703560228,0.8056518120066837,0.003998577743476115,37,0.8590665928795426,0.8842056721235877,0.8703251095227116,0.8483744523864423,0.8732764583813696,0.8670496570587307,0.012298968084371276
54,92.45928168296814,8.327350827694032,0.30852622985839845,0.036458040500938996,,6,0.9,"{'colsample_bytree': None, 'max_depth': 6, 'subsample': 0.9}",0.7032677273270038,0.7018354329352039,0.6976369659987268,0.6850343478167317,0.704125946322991,0.6983800840801314,0.007035685126951043,9,0.8221971427166367,0.8240522350650614,0.8184814970401608,0.8321813830447433,0.8023527823127178,0.819853008035864,0.009831136741763963,0.8083732939874585,0.8066777347352887,0.8040951853901495,0.8059398634938203,0.8044641210108836,0.8059100397235202,0.0015519177705076116,34,0.872163807415606,0.8742909845515333,0.8700945353931289,0.8765506110214434,0.8606409960802398,0.8707481868923903,0.005491922958099504
55,68.7413640499115,10.649416261465523,0.2155660629272461,0.03744725079811367,,6,,"{'colsample_bytree': None, 'max_depth': 6, 'subsample': None}",0.7000635883199533,0.6890558981246863,0.6710329674533392,0.6750191900751591,0.7021172606374191,0.6874577809221114,0.012655858279943054,60,0.7915917644286459,0.7816281362408009,0.761358512522717,0.7815922607188898,0.8023753689902597,0.7837092085802626,0.013556741317449803,0.8074511250461085,0.8026194429072127,0.7957941339236303,0.8018815716657444,0.8039107175797823,0.8023313982244955,0.0037875319289873473,60,0.8544548976203652,0.8505879640304358,0.8389209130735531,0.848097763430943,0.8614710629467374,0.8507065202204069,0.0074249029167557205
56,79.0183280467987,14.83855211099022,0.30268154144287107,0.06001316419972578,,7,0.6,"{'colsample_bytree': None, 'max_depth': 7, 'subsample': 0.6}",0.7022216653725294,0.7049865405833994,0.7003008754593497,0.6737822336550636,0.7087529123933647,0.6980088454927413,0.012442292201874521,15,0.8309366869522895,0.8320729318788156,0.8684744434647786,0.7979460732197121,0.8186952327599729,0.8296250736551137,0.022978278284118876,0.8104020656584286,0.8092602840804279,0.8053864600627191,0.8015126360450101,0.8055709278730862,0.8064264747439344,0.003155794677079445,22,0.8798653384984321,0.8799631081392668,0.9028821766197832,0.8603181922988241,0.8725847359926217,0.8791227103097855,0.013871733923852134
57,89.06336617469788,11.111789068566326,0.3267448902130127,0.04295023003513181,,7,0.8,"{'colsample_bytree': None, 'max_depth': 7, 'subsample': 0.8}",0.702576227242496,0.7003858539360105,0.692996932874518,0.6826218972888722,0.7126065022571608,0.6982374827198116,0.010012180545839272,11,0.8339844714176539,0.8455060650753049,0.8383816688911788,0.8315426234197674,0.8709469664529829,0.8440723590513775,0.014250920969267385,0.8087421615639985,0.8070466703560228,0.803172846338314,0.805201992252352,0.8074156059767571,0.8063158552974888,0.0019364762072388029,23,0.8807876775502674,0.887525939589578,0.8842517869495042,0.8778418261471063,0.9042195065713627,0.8869253473615638,0.00923880866173941
58,102.34232468605042,4.95226370970468,0.3569483280181885,0.02344081079321266,,7,0.9,"{'colsample_bytree': None, 'max_depth': 7, 'subsample': 0.9}",0.7086853214338059,0.7037441595890646,0.6960313002950353,0.6857082628182585,0.7086042225491541,0.7005546533370637,0.00874016375717143,4,0.8634359749023879,0.859845635688923,0.8497594796200933,0.8538701442018118,0.8565917269038894,0.8567005922634212,0.004721419491316693,0.8100331980818886,0.8101826231322634,0.8039107175797823,0.8061243313041874,0.8063087991145546,0.8073119338425352,0.002434382352718229,14,0.8982198856299576,0.89601106755822,0.8909384367074015,0.890984551533318,0.8958266082545538,0.8943961099366902,0.0029281362334881125
59,78.11022715568542,15.234485202402002,0.27868165969848635,0.058611355193263964,,7,,"{'colsample_bytree': None, 'max_depth': 7, 'subsample': None}",0.7006921247267999,0.6987303089748043,0.6759480705974718,0.6795647145433095,0.6966844090166843,0.6903239255718139,0.010402388316989546,50,0.8250066167551642,0.841962472819923,0.786231374089543,0.8365793998018268,0.818229621162125,0.8216018969257164,0.019559738698636264,0.8078199926226485,0.8074156059767571,0.7985611510791367,0.8066777347352887,0.8022505072864785,0.8045449983400619,0.0035940411105998362,50,0.8748847076185206,0.8853124279455845,0.8535854277150103,0.880332026746599,0.8716163246483745,0.8731461829348177,0.010841032683014925
60,75.28431720733643,14.305127692817006,0.2911172389984131,0.0807657025830733,,,0.6,"{'colsample_bytree': None, 'max_depth': None, 'subsample': 0.6}",0.6995376485889067,0.7038583700052696,0.6905682666834667,0.6872678970047877,0.708379265126747,0.6979222894818355,0.007934639336953675,16,0.7943213747230262,0.8132857840784383,0.7779885078219659,0.8489402422380455,0.779872827507618,0.8028817472738188,0.026275435972119246,0.8092954629288086,0.8090758162700609,0.8035417819590481,0.8079690094078583,0.8048330566316177,0.8069430254394788,0.002330486110446049,15,0.8575908503966058,0.8682960571823841,0.8495273230343555,0.8878948581969103,0.8488356006456076,0.8624289378911726,0.014543546746140577
61,84.40597405433655,15.250300623676607,0.2950304985046387,0.05677415579078599,,,0.8,"{'colsample_bytree': None, 'max_depth': None, 'subsample': 0.8}",0.6968243911014316,0.7100344935794598,0.6931743389220192,0.6687818385838271,0.70944208729325,0.6956514298959975,0.015010273197625733,30,0.7981534140993246,0.8431179838202276,0.817487718583845,0.782650788418332,0.8234991436184882,0.8129818097080435,0.020875625434014174,0.8076355588343784,0.8107360265633647,0.8039107175797823,0.7989300866998709,0.8070466703560228,0.8056518120066837,0.003998577743476115,37,0.8590665928795426,0.8842056721235877,0.8703251095227116,0.8483744523864423,0.8732764583813696,0.8670496570587307,0.012298968084371276
62,92.9803611278534,8.758453384923296,0.3162199020385742,0.0308514988779106,,,0.9,"{'colsample_bytree': None, 'max_depth': None, 'subsample': 0.9}",0.7032677273270038,0.7018354329352039,0.6976369659987268,0.6850343478167317,0.704125946322991,0.6983800840801314,0.007035685126951043,9,0.8221971427166367,0.8240522350650614,0.8184814970401608,0.8321813830447433,0.8023527823127178,0.819853008035864,0.009831136741763963,0.8083732939874585,0.8066777347352887,0.8040951853901495,0.8059398634938203,0.8044641210108836,0.8059100397235202,0.0015519177705076116,34,0.872163807415606,0.8742909845515333,0.8700945353931289,0.8765506110214434,0.8606409960802398,0.8707481868923903,0.005491922958099504
63,68.32946782112121,11.097863950951668,0.21339101791381837,0.03940150469840372,,,,"{'colsample_bytree': None, 'max_depth': None, 'subsample': None}",0.7000635883199533,0.6890558981246863,0.6710329674533392,0.6750191900751591,0.7021172606374191,0.6874577809221114,0.012655858279943054,60,0.7915917644286459,0.7816281362408009,0.761358512522717,0.7815922607188898,0.8023753689902597,0.7837092085802626,0.013556741317449803,0.8074511250461085,0.8026194429072127,0.7957941339236303,0.8018815716657444,0.8039107175797823,0.8023313982244955,0.0037875319289873473,60,0.8544548976203652,0.8505879640304358,0.8389209130735531,0.848097763430943,0.8614710629467374,0.8507065202204069,0.0074249029167557205
